Title,Rank,Year,Rating,Runtime,Genre,Certificate,Metascore,Votes,Description
Spider-Man: Across the Spider-Verse,1,2023,8.6,140,"Animation, Action, Adventure",PG,86,"320,793","Miles Morales catapults across the multiverse, where he encounters a team of Spider-People charged with protecting its very existence. When the heroes clash on how to handle a new threat, Miles must redefine what it means to be a hero."
Oppenheimer,2,I) (2023,8.4,180,"Biography, Drama, History",R,89,"568,407",The story of American scientist J. Robert Oppenheimer and his role in the development of the atomic bomb.
Kelce,3,2023,8.2,103,"Documentary, Sport",-1,-1,"2,114","Highlights Kelce's 2022-23 season, which started with him having to make one of the hardest decisions a professional athlete would ever have to make: Is it time to retire yet?"
The Holdovers,4,2023,8,133,"Comedy, Drama",R,82,"31,807",A cranky history teacher at a remote prep school is forced to remain on campus over the holidays with a troubled student who has no place to go.
Guardians of the Galaxy Vol. 3,5,2023,7.9,150,"Action, Adventure, Comedy",PG-13,64,"355,855","Still reeling from the loss of Gamora, Peter Quill rallies his team to defend the universe and one of their own - a mission that could mean the end of the Guardians if not successful."
Killers of the Flower Moon,6,2023,7.8,206,"Crime, Drama, History",R,89,"139,195","When oil is discovered in 1920s Oklahoma under Osage Nation land, the Osage people are murdered one by one - until the FBI steps in to unravel the mystery."
Mission: Impossible - Dead Reckoning Part One,7,2023,7.7,163,"Action, Adventure, Thriller",PG-13,81,"206,295",Ethan Hunt and his IMF team must track down a dangerous weapon before it falls into the wrong hands.
John Wick: Chapter 4,8,2023,7.7,169,"Action, Crime, Thriller",R,78,"311,134","John Wick uncovers a path to defeating The High Table. But before he can earn his freedom, Wick must face off against a new enemy with powerful alliances across the globe and forces that turn old friends into foes."
Sound of Freedom,9,2023,7.7,131,"Biography, Crime, Drama",PG-13,36,"92,608",The incredible true story of a former government agent turned vigilante who embarks on a dangerous mission to rescue hundreds of children from traffickers.
The Covenant,10,2023,7.5,123,"Action, Drama, Thriller",R,63,"146,028","During the war in Afghanistan, a local interpreter risks his own life to carry an injured sergeant across miles of grueling terrain."
Air,11,I) (2023,7.4,111,"Drama, Sport",R,73,"154,873","Follows the history of sports marketing executive Sonny Vaccaro, and how he led Nike in its pursuit of the greatest athlete in the history of basketball, Michael Jordan."
Tetris,12,2023,7.4,118,"Biography, Drama, History",R,61,"75,810","The story of how one of the world's most popular video games found its way to players around the globe. Businessman Henk Rogers and Tetris inventor Alexey Pazhitnov join forces in the USSR, risking it all to bring it to the masses."
Saltburn,13,2023,7.3,131,"Comedy, Drama, Thriller",R,61,"46,039","A student at Oxford University finds himself drawn into the world of a charming and aristocratic classmate, who invites him to his eccentric family's sprawling estate for a summer never to be forgotten."
Dungeons & Dragons: Honor Among Thieves,14,2023,7.3,134,"Action, Adventure, Comedy",PG-13,72,"208,440","A charming thief and a band of unlikely adventurers embark on an epic quest to retrieve a lost relic, but things go dangerously awry when they run afoul of the wrong people."
Stephen Curry: Underrated,15,2023,7.3,110,"Documentary, Biography, Sport",PG-13,69,"3,789","The coming-of-age story of Stephen Curry, from an undersized basketball player at a small college, to becoming a larger-than-life NBA superstar."
Gran Turismo,16,2023,7.2,134,"Action, Adventure, Drama",PG-13,48,"70,337","Based on the unbelievable, inspiring true story of a team of underdogs - a struggling, working-class gamer, a failed former race car driver, and an idealistic motorsport exec - who risk it all to take on the most elite sport in the world."
Teenage Mutant Ninja Turtles: Mutant Mayhem,17,2023,7.2,99,"Animation, Action, Adventure",PG,74,"53,487",The film follows the Turtle brothers as they work to earn the love of New York City while facing down an army of mutants.
The Little Mermaid,18,I) (2023,7.2,135,"Adventure, Family, Fantasy",PG,59,"148,189",A young mermaid makes a deal with a sea witch to trade her beautiful voice for human legs so she can discover the world above water and impress a prince.
BS High,19,2023,7.2,95,Documentary,TV-MA,65,"1,292","Follows the investigation which occurred when the Bishop Sycamore Centurions, a presumed high school football team from Columbus, Ohio, took on perennial prep powerhouse, IMG Academy."
Talk to Me,20,I) (2022,7.1,95,"Horror, Thriller",R,76,"114,673","When a group of friends discover how to conjure spirits using an embalmed hand, they become hooked on the new thrill, until one of them goes too far and unleashes terrifying supernatural forces."
Nyad,21,2023,7.1,121,"Biography, Drama, Sport",PG-13,64,"14,628","The remarkable true story of athlete Diana Nyad who, at the age of 60 and with the help of her best friend and coach, commits to achieving her life-long dream: a 110-mile open ocean swim from Cuba to Florida."
The Burial,22,II) (2023,7.1,126,Drama,R,74,"26,857","Inspired by true events, a lawyer helps a funeral home owner save his family business from a corporate behemoth, exposing a complex web of race, power, and injustice."
Missing,23,I) (2023,7.1,111,"Drama, Mystery, Thriller",PG-13,66,"54,631","After her mother goes missing, a young woman tries to find her from home, using tools available to her online."
The Hunger Games: The Ballad of Songbirds & Snakes,24,2023,7,157,"Action, Adventure, Drama",PG-13,54,"69,739",Coriolanus Snow mentors and develops feelings for the female District 12 tribute during the 10th Hunger Games.
May December,25,2023,7,117,"Comedy, Drama",R,85,"24,972","Twenty years after their notorious tabloid romance gripped the nation, a married couple buckles under pressure when an actress arrives to do research for a film about their past."
The Super Mario Bros. Movie,26,2023,7,92,"Animation, Adventure, Comedy",PG,46,"216,892","A plumber named Mario travels through an underground labyrinth with his brother Luigi, trying to save a captured princess."
Elemental,27,2023,7,101,"Animation, Adventure, Comedy",PG,58,"105,881","Follows Ember and Wade, in a city where fire-, water-, earth- and air-residents live together."
Extraction II,28,2023,7,122,"Action, Thriller",R,57,"137,767","After barely surviving his grievous wounds from his mission in Dhaka, Bangladesh, Tyler Rake is back, and his team is ready to take on their next mission."
Flora and Son,29,2023,7,97,"Comedy, Music, Romance",R,76,"10,151","A single mom at war with her son is trying to find a hobby for him. One day, she rescues a guitar from a dumpster."
Sly,30,2023,7,95,"Documentary, Biography",R,62,"9,311","The nearly fifty year prolific career of Sylvester Stallone, who has entertained millions, is seen in retrospective in an intimate look of the actor, writer, director-producer, paralleling with his inspirational life story."
Barbie,31,I) (2023,6.9,114,"Adventure, Comedy, Fantasy",PG-13,80,"434,968",Barbie suffers a crisis that leads her to question her world and her existence.
Dumb Money,32,2023,6.9,105,"Biography, Comedy, Drama",R,66,"22,471",David vs. Goliath tale about everyday people who flipped the script on Wall Street and got rich by turning GameStop (the video game store) into the world's hottest company.
Sisu,33,2022,6.9,91,"Action, War",R,70,"64,644","When an ex-soldier who discovers gold in the Lapland wilderness tries to take the loot into the city, Nazi soldiers led by a brutal SS officer battle him."
Maestro,34,2023,6.8,129,"Biography, Drama, Music",R,77,"20,548",This love story chronicles the lifelong relationship of conductor-composer Leonard Bernstein and actress Felicia Montealegre Cohn Bernstein.
The Creator,35,2023,6.8,133,"Action, Adventure, Drama",PG-13,63,"101,191","Against the backdrop of a war between humans and robots with artificial intelligence, a former soldier finds the secret weapon, a robot in the form of a young child."
The Killer,36,2023,6.8,118,"Action, Adventure, Crime",R,73,"147,285","After a fateful near-miss, an assassin battles his employers and himself, on an international manhunt he insists isn't personal."
Reptile,37,2023,6.8,134,"Crime, Drama, Mystery",R,52,"74,794","Tom Nichols is a hardened New England detective, unflinching in his pursuit of a case where nothing is as it seems and it begins to dismantle the illusions in his own life."
The Equalizer 3,38,2023,6.8,109,"Action, Crime, Thriller",R,58,"80,871","Robert McCall finds himself at home in Southern Italy but he discovers his friends are under the control of local crime bosses. As events turn deadly, McCall knows what he has to do: become his friends' protector by taking on the mafia."
Somewhere in Queens,39,2022,6.8,106,"Comedy, Drama, Sport",R,61,"3,954","Leo and Angela Russo live a simple life in Queens, surrounded by their overbearing Italian-American family. When their son 'Sticks' finds success on his high-school basketball team, Leo tears the family apart trying to make it happen."
Champions,40,2023,6.8,124,"Comedy, Drama, Sport",PG-13,50,"22,999","A former minor-league basketball coach is ordered by the court to manage a team of players with intellectual disabilities. He soon realizes that despite his doubts, together, this team can go further than they ever imagined."
Wildflower,41,2022,6.8,105,"Comedy, Drama",R,52,"2,972",A girl navigates life with two intellectually-disabled parents and an extended family that can't quite agree on the best way to help.
Love at First Sight,42,I) (2023,6.8,91,"Drama, Romance",PG-13,-1,"27,682",A teenage girl misses her flight at JFK Airport and meets a young British guy who may turn out to be her true love.
The Flash,43,I) (2023,6.7,144,"Action, Adventure, Fantasy",PG-13,55,"193,377","Barry Allen uses his super speed to change the past, but his attempt to save his family creates a world without super heroes, forcing him to race for his life in order to save the future."
Creed III,44,2023,6.7,116,"Drama, Sport",PG-13,73,"88,019","Adonis has been thriving in both his career and family life, but when a childhood friend and former boxing prodigy resurfaces, the face-off is more than just a fight."
Reality,45,I) (2023,6.7,83,Drama,TV-MA,84,"15,113",A former American intelligence specialist was given the longest sentence for the unauthorized release of government information to the media about Russian interference in the 2016 United States elections via an email operation.
Sharper,46,2023,6.7,116,"Crime, Drama, Thriller",R,65,"27,951","Motivations are suspect, and expectations are turned chaos, as a con artist takes on Manhattan billionaires."
Indiana Jones and the Dial of Destiny,47,2023,6.6,154,"Action, Adventure, Sci-Fi",PG-13,58,"168,887",Archaeologist Indiana Jones races against time to retrieve a legendary artifact that can change the course of history.
To Catch a Killer,48,2023,6.6,119,"Action, Crime, Drama",R,43,"31,959",Baltimore. New Year's Eve. A talented but troubled police officer (Shailene Woodley) is recruited by the FBI's chief investigator (Ben Mendelsohn) to help profile and track down a disturbed individual terrorizing the city.
Big George Foreman,49,2023,6.6,129,"Biography, Drama, Sport",PG-13,45,"7,315","Fueled by an impoverished childhood, George Foreman channeled his anger into becoming an Olympic Gold medalist and World Heavyweight Champion, followed by a near-death experience that took him from the boxing ring to the pulpit."
Leave the World Behind,50,2023,6.5,138,"Drama, Mystery, Thriller",R,68,"122,645","A family's getaway to a luxurious rental home takes an ominous turn when a cyberattack knocks out their devices, and two strangers appear at their door."
Thanksgiving,51,I) (2023,6.5,106,"Horror, Mystery, Thriller",R,63,"22,997","After a Black Friday riot ends in tragedy, a mysterious Thanksgiving-inspired killer terrorizes Plymouth, Massachusetts - the birthplace of the infamous holiday."
A Haunting in Venice,52,2023,6.5,103,"Crime, Drama, Horror",PG-13,63,"88,851","In post-World War II Venice, Poirot, now retired and living in his own exile, reluctantly attends a seance. But when one of the guests is murdered, it is up to the former detective to once again uncover the killer."
Pain Hustlers,53,2023,6.5,123,"Crime, Drama",R,44,"33,647","Liza dreams of a better life for herself and her daughter. Hired to work for a bankrupt pharmaceutical company, Liza skyrockets with sales and into the high life, putting her in the middle of a federal criminal conspiracy."
Next Goal Wins,54,2023,6.5,104,"Comedy, Drama, Sport",PG-13,44,"4,049","The story of the infamously terrible American Samoa soccer team, known for a brutal 2001 FIFA match they lost 31-0."
Totally Killer,55,2023,6.5,106,"Comedy, Horror",R,62,"42,726","When the infamous ""Sweet Sixteen Killer"" returns 35 years after his first murder spree to claim another victim, 17-year-old Jamie accidentally travels back in time to 1987, determined to stop the killer before he can start."
Scream VI,56,2023,6.5,122,"Horror, Mystery, Thriller",R,61,"113,200","In the next installment, the survivors of the Ghostface killings leave Woodsboro behind and start a fresh chapter in New York City."
Plane,57,2023,6.5,107,"Action, Adventure, Thriller",R,62,"72,956",A pilot finds himself caught in a war zone after he's forced to land his commercial aircraft during a terrible storm.
Boston Strangler,58,2023,6.5,112,"Crime, Drama, History",R,58,"30,772",Loretta McLaughlin was the reporter who first connected the murders and broke the story of the Boston Strangler. She and Jean Cole challenged the sexism of the early 1960s to report on the city's most notorious serial killer.
Shooting Stars,59,2023,6.5,116,"Biography, Drama, History",PG-13,62,"1,959",A look at the young life of basketball star LeBron James. Feature film adaptation of LeBron James and Buzz Bissinger's book 'Shooting Stars'.
No Hard Feelings,60,2023,6.4,103,"Comedy, Romance",R,59,"121,940","On the brink of losing her home, Maddie finds an intriguing job listing: helicopter parents looking for someone to bring their introverted 19-year-old son out of his shell before college. She has one summer to make him a man or die trying."
Fair Play,61,2023,6.4,113,"Drama, Mystery, Thriller",R,73,"30,906","An unexpected promotion at a cutthroat hedge fund pushes a young couple's relationship to the brink, threatening to unravel far more than their recent engagement."
Renfield,62,2023,6.4,93,"Comedy, Fantasy, Horror",R,53,"85,445","Renfield, Dracula's henchman and inmate at the lunatic asylum for decades, longs for a life away from the Count, his various demands, and all of the bloodshed that comes with them."
M3GAN,63,2022,6.4,102,"Horror, Sci-Fi, Thriller",PG-13,72,"134,620",A robotics engineer at a toy company builds a life-like doll that begins to take on a life of its own.
Luther: The Fallen Sun,64,2023,6.4,129,"Crime, Drama, Mystery",R,53,"61,004",Brilliant but disgraced detective John Luther breaks out of prison to hunt down a sadistic serial killer who is terrorising London.
No One Will Save You,65,2023,6.3,93,"Horror, Sci-Fi, Thriller",PG-13,60,"56,747",An exiled anxiety-ridden homebody must battle an alien who's found its way into her home.
Operation Fortune: Ruse de Guerre,66,2023,6.3,114,"Action, Comedy, Thriller",R,51,"78,326",Special agent Orson Fortune and his team of operatives recruit one of Hollywood's biggest movie stars to help them on an undercover mission when the sale of a deadly new weapons technology threatens to disrupt the world order.
What's Love Got to Do with It?,67,2022,6.3,108,"Comedy, Romance",PG-13,59,"8,844","In London, an award-winning film-maker documents her best friend's journey into an assisted marriage in line with his family's Pakistani heritage. In the process, she challenges her own attitude towards relationships."
Old Dads,68,2023,6.2,104,Comedy,R,42,"34,385","Three best friends become fathers later in life and find themselves battling preschool principals, millennial CEOs, and anything created after 1987."
The Year Between,69,2022,6.2,94,"Comedy, Drama",-1,61,598,Clemence returns home after dropping out of college with a newly diagnosed mental illness.
Ant-Man and the Wasp: Quantumania,70,2023,6.1,124,"Action, Adventure, Comedy",PG-13,48,"216,636","Scott Lang and Hope Van Dyne are dragged into the Quantum Realm, along with Hope's parents and Scott's daughter Cassie. Together they must find a way to escape, but what secrets is Hope's mother hiding? And who is the mysterious Kang?"
Knock at the Cabin,71,2023,6.1,100,"Horror, Mystery, Thriller",R,63,"108,300","While vacationing, a girl and her parents are taken hostage by armed strangers who demand that the family make a choice to avert the apocalypse."
Haunted Mansion,72,2023,6.1,123,"Comedy, Drama, Family",PG-13,47,"38,736","A single mom named Gabbie hires a tour guide, a psychic, a priest and a historian to help exorcise her newly bought mansion after discovering it is inhabited by ghosts."
We Have a Ghost,73,2023,6.1,126,"Adventure, Comedy, Drama",PG-13,53,"31,492","Finding a ghost named Ernest haunting their new home turns Kevin's family into overnight social media sensations. But when Kevin and Ernest investigate the mystery of Ernest's past, they become a target of the CIA."
Shazam! Fury of the Gods,74,2023,6,130,"Action, Adventure, Comedy",PG-13,47,"117,387","The film continues the story of teenage Billy Batson who, upon reciting the magic word ""SHAZAM!"" is transformed into his adult Super Hero alter ego, Shazam."
Blue Beetle,75,2023,6,127,"Action, Adventure, Sci-Fi",PG-13,61,"80,684","An alien scarab chooses Jaime Reyes to be its symbiotic host, bestowing the recent college graduate with a suit of armor that's capable of extraordinary powers, forever changing his destiny as he becomes the superhero known as Blue Beetle."
Transformers: Rise of the Beasts,76,2023,6,127,"Action, Adventure, Sci-Fi",PG-13,42,"93,264","During the '90s, a new faction of Transformers - the Maximals - join the Autobots as allies in the battle for Earth."
Cocaine Bear,77,2023,5.9,95,"Comedy, Thriller",R,54,"101,208","An oddball group of cops, criminals, tourists and teens converge on a Georgia forest where a huge black bear goes on a murderous rampage after unintentionally ingesting cocaine."
Fingernails,78,2023,5.9,113,"Drama, Romance, Sci-Fi",R,63,"6,259","Anna and Ryan have found true love, and it's proven by a controversial new technology. There's just one problem, as Anna still isn't sure. Then she takes a position at a love testing institute and meets Amir."
The Boogeyman,79,I) (2023,5.9,98,"Horror, Mystery, Thriller",PG-13,55,"40,195","Still reeling from the tragic death of their mother, a teenage girl and her younger sister find themselves plagued by a sadistic presence in their house and struggle to get their grieving father to pay attention before it's too late."
The Marvels,80,2023,5.8,105,"Action, Adventure, Fantasy",PG-13,50,"66,199","Carol Danvers gets her powers entangled with those of Kamala Khan and Monica Rambeau, forcing them to work together to save the universe."
Ghosted,81,I) (2023,5.8,116,"Action, Adventure, Comedy",PG-13,34,"57,152","Cole falls head over heels for enigmatic Sadie, but then makes the shocking discovery that she's a secret agent. Before they can decide on a second date, Cole and Sadie are swept away on an international adventure to save the world."
The Other Zoey,82,2023,5.8,91,"Comedy, Drama, Romance",PG-13,-1,"5,795","Zoey Miller, a super smart computer nerd who is uninterested in romantic love, has her life turned upside down when Zack, the school's soccer star, gets amnesia and mistakes Zoey for his girlfriend."
Rebel Moon - Part One: A Child of Fire,83,2023,5.7,133,"Action, Adventure, Drama",PG-13,32,"55,875","When a peaceful settlement on the edge of a distant moon finds itself threatened by the armies of a tyrannical ruling force, a mysterious stranger living among its villagers becomes their best hope for survival."
Murder Mystery 2,84,2023,5.7,90,"Action, Comedy, Crime",PG-13,44,"64,689",Full-time detectives Nick and Audrey are struggling to get their private eye agency off the ground. They find themselves at the center of international abduction when their friend Maharaja is kidnapped at his own lavish wedding.
Somebody I Used to Know,85,2023,5.7,106,"Comedy, Romance",R,57,"7,761","On a trip to her hometown, workaholic Ally reminisces with her ex Sean and starts to question everything about the person she's become. Things only get more confusing when she meets Cassidy, who reminds her of the person she used to be."
Your Place or Mine,86,2023,5.7,109,"Comedy, Romance",PG-13,49,"37,107",Two long-distance best friends change each other's lives when she decides to pursue a lifelong dream and he volunteers to keep an eye on her teenage son.
The Mother,87,2023,5.6,115,"Action, Thriller",R,45,"44,615","While fleeing from dangerous assailants, an assassin comes out of hiding to protect the daughter she left earlier in life."
Five Nights at Freddy's,88,2023,5.5,109,"Horror, Mystery, Thriller",PG-13,33,"79,947","A troubled security guard begins working at Freddy Fazbear's Pizza. During his first night on the job, he realizes that the night shift won't be so easy to get through. Pretty soon he will unveil what actually happened at Freddy's."
Inside,89,I) (2023,5.5,105,"Drama, Thriller",R,53,"14,691","Nemo, a high-end art thief, is trapped in a New York penthouse after his heist doesn't go as planned. Locked inside with nothing but priceless works of art, he must use all his cunning and ingenuity to survive."
Silent Night,90,2023,5.4,104,"Action, Thriller",R,53,"10,837",A grieving father enacts his long-awaited revenge against a ruthless gang on Christmas Eve.
Freelance,91,2023,5.4,108,"Action, Comedy",R,23,"7,659","An ex-special forces operative takes a job to provide security for a journalist as she interviews a dictator, but when a military coup breaks out in the middle of the interview, they are forced to escape into the jungle."
65,92,2023,5.4,93,"Action, Adventure, Drama",PG-13,40,"82,244",An astronaut crash lands on a mysterious planet only to discover he's not alone.
The Out-Laws,93,2023,5.4,95,"Action, Comedy, Crime",R,36,"33,162","A straight-laced bank manager about to marry the love of his life. When his bank is held up by infamous Ghost Bandits during his wedding week, he believes his future in-laws who just arrived in town, are the infamous Out-Laws."
Best. Christmas. Ever!,94,2023,4.4,82,"Comedy, Romance",TV-PG,34,"8,945",Friendships are put to the ultimate test over a boastful holiday newsletter.
Peter Pan & Wendy,95,2023,4.4,106,"Action, Adventure, Comedy",PG,61,"27,041","Follow the adventures of Peter Pan, a boy who does not want to grow up, and how he recruits three siblings in London, and together they embark on a magical adventure on the enchanted island of Neverland."
